,specificity,aging,dev,cons,gwas,score,cell_type
MYO6,0.8772549,0.5388122,0.579449142896407,0.7210990209579469,1.0,0.7768060159047523,Hair_Cells
PTPRQ,0.92432296,0.67259336,0.2532927655221211,0.5288841670751572,1.0,0.7379447349544264,Hair_Cells
MYO7A,0.9125042,0.6574464,0.1056078567934775,0.5751085315644741,1.0,0.7157260967204896,Hair_Cells
ACTB,0.5300679,0.59866965,0.915624056420364,0.6656551127433776,1.0,0.6890195000891838,Hair_Cells
EYA1,0.84734046,0.42843288,0.2531309609964708,0.6089559574127198,1.0,0.6825141496377062,Hair_Cells
COCH,0.82383806,0.44162413,0.3144613274237759,0.5363384071588516,1.0,0.6733987957804575,Hair_Cells
USH1C,0.79001355,0.6955388,0.0577831515218019,0.619564667224884,1.0,0.6719384313782107,Hair_Cells
SMPX,0.62402356,0.7240031,0.5598057887206981,0.4877584713697433,1.0,0.6653445296775143,Hair_Cells
ATP2B2,0.69615436,0.60409635,0.4277551368908804,0.5367210960686207,1.0,0.6637476417659772,Hair_Cells
OTOF,0.76364,0.62371397,0.2116988696484747,0.550709367454052,1.0,0.6633743435527906,Hair_Cells
EYA4,0.86595315,0.36827534,0.1582155342911232,0.5680060683488846,1.0,0.6605558182419332,Hair_Cells
PCDH15,0.8040491,0.46650732,0.2418334056884009,0.5491943114995956,1.0,0.6602498854381238,Hair_Cells
STRC,0.7948123,0.6448469,0.0836196730182545,0.5151003452390432,1.0,0.6544599842851493,Hair_Cells
MYO15A,0.8346906,0.56417453,0.0,0.552,1.0,0.6513024018720551,Hair_Cells
USH2A,0.83778185,0.56417495,0.0152523572344189,0.528086515606381,1.0,0.6512398239563629,Hair_Cells
ESPNL,0.6018411,0.5673247,0.571908143501563,0.5160664326886181,1.0,0.6390313312526315,Hair_Cells
TMC1,0.61768395,0.6564405,0.3976026592166855,0.5557369906902314,1.0,0.6385405983403389,Hair_Cells
HOMER2,0.60595524,0.68734556,0.3582214110737891,0.5449411815404892,1.0,0.6309583171561722,Hair_Cells
ACTG1,0.3641507,0.74925107,0.4871025155505615,0.9715362615585328,1.0,0.6268437582476996,Hair_Cells
CHD7,0.74131423,0.5508941,0.0239593893883069,0.6236872749328614,1.0,0.6263068016274691,Hair_Cells
TRIOBP,0.6623538,0.7097477,0.095432107683729,0.5988930377960205,1.0,0.6255524701626455,Hair_Cells
SIX1,0.6037816,0.5699384,0.4093474023384895,0.5723859535455704,1.0,0.6242634046933008,Hair_Cells
MSRB3,0.6350018,0.59619284,0.2817407386263564,0.5327417143583297,1.0,0.6156020173096719,Hair_Cells
CDH23,0.69553024,0.67385656,0.0014966545390835,0.5729094238877297,1.0,0.6154514960314322,Hair_Cells
LHFPL5,0.63210046,0.6893727,0.2081292400724508,0.5184488995373249,1.0,0.6152328170673361,Hair_Cells
LOXHD1,0.71611476,0.6598417,0.0,0.5113435284197331,1.0,0.6121236999619651,Hair_Cells
CABP2,0.656881,0.62401545,0.1607024244434586,0.4935650801360606,1.0,0.6044948271343002,Hair_Cells
RDX,0.56586385,0.5659939,0.3849006731407388,0.5542956144809723,1.0,0.6021240672362742,Hair_Cells
GJB2,0.530211,0.59933996,0.3998908768632804,0.5911758539378643,1.0,0.6006454012937785,Hair_Cells
CIB2,0.5698878,0.81194013,0.1502329448356909,0.5183185498714447,1.0,0.6000288764289249,Hair_Cells
GRXCR1,0.61330694,0.5951846,0.2610296014351961,0.5049995552711188,1.0,0.5995048423269388,Hair_Cells
TMPRSS3,0.5901344,0.74511105,0.1354366517398857,0.5343710282146931,1.0,0.5982915594121244,Hair_Cells
GFI1,0.6170599,0.6020504,0.170529958999552,0.5583960465546698,1.0,0.5964704124351153,Hair_Cells
RIPOR2,0.73757416,0.5132335,0.0,0.4919999999999999,1.0,0.5958146950000762,Hair_Cells
SLC17A8,0.5320965,0.5758425,0.4413483184735838,0.5224954738076777,1.0,0.5937915488884615,Hair_Cells
ESPN,0.6440601,0.68709576,0.0167190974314651,0.5320323179215193,1.0,0.5930011064161679,Hair_Cells
SOX2,0.5284984,0.56387806,0.3952904477425785,0.5760977996387519,1.0,0.5916893075984029,Hair_Cells
GATA3,0.41703573,0.70098066,0.4735027184131213,0.6473455262184142,1.0,0.5900886331323982,Hair_Cells
ADGRV1,0.6785133,0.570867,0.0,0.530309904485941,1.0,0.5865818451115966,Hair_Cells
MYO3A,0.65307915,0.58362174,0.0337320391043942,0.5492770026475191,1.0,0.5862262781056825,Hair_Cells
CLIC5,0.59951186,0.56705177,0.2324276723697531,0.5047248570676893,1.0,0.5854353896360753,Hair_Cells
ATOH1,0.56911665,0.56655115,0.235010861738912,0.5640120440876344,1.0,0.5824827721589627,Hair_Cells
GJB6,0.54438674,0.6712219,0.1730030021646569,0.5868273930847644,1.0,0.5824125510277925,Hair_Cells
POU4F3,0.60166883,0.7068806,0.0028538437011769,0.5652293675914406,1.0,0.5819121085486366,Hair_Cells
GRHL2,0.6089898,0.55520713,0.1531639479988743,0.5433635545521975,1.0,0.5813561079352196,Hair_Cells
CLDN14,0.6194763,0.6062764,0.0842453901796254,0.5321004409193992,1.0,0.581183864988836,Hair_Cells
TECTA,0.62025243,0.5671305,0.0624150153456255,0.5467691853214056,1.0,0.5745481862163495,Hair_Cells
SLC26A4,0.64714485,0.5395959,0.019404769442262,0.5401366535318084,1.0,0.5737285341131485,Hair_Cells
GRXCR2,0.5510883,0.6343203,0.2094611135783031,0.4984638115409761,1.0,0.5717720901977549,Hair_Cells
TJP2,0.6211331,0.5458473,0.0495884068978558,0.5229346489906311,1.0,0.5662087979501905,Hair_Cells
SLC26A5,0.53672063,0.7110698,0.0752794506553062,0.5472591292262078,1.0,0.5647295133651693,Hair_Cells
MYH9,0.521231,0.54365724,0.2898005248122483,0.5312874438911677,1.0,0.5632041795675363,Hair_Cells
CLRN1,0.59280485,0.6249991,0.0274370839111147,0.516896277371794,1.0,0.562521808851555,Hair_Cells
OTOA,0.60209495,0.54678136,0.0607647731916199,0.5054186190441251,1.0,0.5577826891718409,Hair_Cells
WHRN,0.5954932,0.58524394,0.0105378931773951,0.5073493421971798,1.0,0.5536669582628588,Hair_Cells
MITF,0.571214,0.54043573,0.0648663406230434,0.5540146157592536,1.0,0.5523831170187001,Hair_Cells
MYH14,0.5764368,0.56188947,0.0532034633982589,0.5259573583751918,1.0,0.5517322708244282,Hair_Cells
PJVK,0.603608,0.5631513,0.0,0.486,1.0,0.5488158968995285,Hair_Cells
P2RX2,0.5140275,0.7441058,0.0290194341243156,0.4941126374602317,1.0,0.5456966712619741,Hair_Cells
ILDR1,0.5328143,0.62804943,0.078828860697916,0.5063337159305811,1.0,0.5451075365155911,Hair_Cells
CEACAM16,0.51740825,0.7522394,0.0015904273686585,0.4986610077805816,1.0,0.544836925977342,Hair_Cells
DDX5,0.66958594,0.6412223,0.5186688490738102,0.6837148666381836,0.0,0.5443752975270109,Hair_Cells
HARS,0.54067594,0.59311634,0.0525739050871732,0.5409517679512501,1.0,0.5442666742273012,Hair_Cells
KCNJ10,0.50338787,0.6354638,0.1184000866727638,0.5302630510851741,1.0,0.5439741850452139,Hair_Cells
DIAPH1,0.57508427,0.5458947,0.0,0.5196306615918875,1.0,0.5398625148377287,Hair_Cells
MET,0.5364288,0.50247455,0.0998765053917188,0.5522826207084581,1.0,0.5377665721011762,Hair_Cells
YWHAZ,0.7350076,0.73949105,0.5882009961656591,0.2949540317058563,0.0,0.5373999512791923,Hair_Cells
KARS,0.51281077,0.6106576,0.0505928765738768,0.5513829915821553,1.0,0.5370193239219445,Hair_Cells
CALM1,0.6005619,0.8681734,0.7456993436765709,0.3598080575466156,0.0,0.536276883934508,Hair_Cells
CALM2,0.7118567,0.6778227,0.6502150277616499,0.3427893817424774,0.0,0.535366749597845,Hair_Cells
LARS,0.5278803,0.56780976,0.0348425809217525,0.553465078175068,1.0,0.5345697342891981,Hair_Cells
TBX1,0.56170595,0.5097735,0.0090992753997,0.5465107927601784,1.0,0.5344899110126704,Hair_Cells
GIPC3,0.54348594,0.6151905,7.88515895162452e-05,0.4981970562385394,1.0,0.5344143429357592,Hair_Cells
GSDME,0.57490575,0.5409735,0.0,0.486,1.0,0.5340083292345047,Hair_Cells
WFS1,0.5126243,0.57319677,0.0731841524677454,0.5348148036897182,1.0,0.5322290972115452,Hair_Cells
TMIE,0.53102624,0.6209995,0.0155633736581339,0.4922745857927947,1.0,0.5317361136028124,Hair_Cells
DLG2,1.0,0.5464999,0.0748358989184322,0.2494883388280868,0.0,0.5306236266224423,Hair_Cells
S1PR2,0.52600944,0.58441937,0.0230518792363044,0.5107903557270765,1.0,0.5281430258540271,Hair_Cells
ROR1,0.57512414,0.46256873,0.0054552495585482,0.5162215163782239,1.0,0.5276864792319388,Hair_Cells
KCNQ4,0.5231904,0.57426476,0.0005234378309044,0.5466346770562232,1.0,0.5274895858704058,Hair_Cells
PAX3,0.5047348,0.5651039,0.0207822951165233,0.5640372951180906,1.0,0.5243824492020012,Hair_Cells
USH1G,0.5251821,0.5689976,0.0042599485089639,0.5100153761619004,1.0,0.5225637988223566,Hair_Cells
SERPINB6,0.5329958,0.56417453,0.0,0.486,1.0,0.520724513478653,Hair_Cells
TPRN,0.51770437,0.5827677,0.0205318303539478,0.4869363605640828,1.0,0.5206171336729905,Hair_Cells
ELMOD3,0.5200469,0.56896734,0.006268441095502,0.4964325686991214,1.0,0.518769017322671,Hair_Cells
DFNA5,0.51930994,0.5703393,0.0047175081139411,0.4979999999999999,1.0,0.5186824963986707,Hair_Cells
NRXN3,0.95465016,0.5000834,0.3976876012881019,0.0077643566764891,0.0,0.5176903810758227,Hair_Cells
BSND,0.52069783,0.5642153,0.0016803608510113,0.4920009079983101,1.0,0.5169636181704158,Hair_Cells
TBC1D24,0.5009741,0.56161934,0.0348527091333715,0.5106476623006165,1.0,0.5164576101593884,Hair_Cells
SORBS2,0.5748291,0.64888144,0.4283175573431405,0.8275060057640076,0.0,0.51563738811084,Hair_Cells
MIR96,0.51930994,0.56417453,0.0,0.474,1.0,0.5134501546815796,Hair_Cells
TSPEAR,0.50857824,0.5646906,0.0,0.4980182959251105,1.0,0.5128376277571061,Hair_Cells
HGF,0.4776956,0.5625325,0.0027940152596304,0.5401316283945926,1.0,0.5068969671879345,Hair_Cells
HNRNPA2B1,0.6553736,0.58378357,0.4701958871011336,0.5090023279190063,0.0,0.4965966911138456,Hair_Cells
H3F3B,0.61855876,0.6652508,0.6517489490047225,0.3429947197437286,0.0,0.4964226850360454,Hair_Cells
FBXO2,0.63160473,1.0,0.29914279520147,0.3139195442199707,0.0,0.4946012373859181,Hair_Cells
GTF2I,0.531745,0.6745378,0.3986358129735133,0.7762888073921204,0.0,0.4901173756452534,Hair_Cells
LMO7,0.7177109,0.6918779,0.4266619394307137,0.2114373296499252,0.0,0.4865809462136126,Hair_Cells
TMEM117,0.6257957,0.6539481,0.4464976156034857,0.4740222096443176,0.0,0.4864884775902711,Hair_Cells
SPARC,0.5024957,0.7599964,0.6973128847312008,0.4132210612297058,0.0,0.48157784326738884,Hair_Cells
0610005C13RIK,,0.56266844,0.0,0.0,0.0,,Supporting_Cells
0610006L08RIK,,0.56417453,0.0,0.0,0.0,,Supporting_Cells
0610007P14RIK,,0.5861497,0.0905978447908278,0.0,0.0,,Supporting_Cells
0610009B22RIK,,0.6112634,0.051887469937674,0.0,0.0,,Supporting_Cells
0610009E02RIK,,0.56191105,0.0,0.0,0.0,,Supporting_Cells
0610009L18RIK,,0.57008994,0.0,0.0,0.0,,Supporting_Cells
0610009O20RIK,,0.6080527,0.006104886942335,0.0,0.0,,Supporting_Cells
0610010F05RIK,,0.5537285,0.1585252944764789,0.0,0.0,,Supporting_Cells
0610010K14RIK,,0.57707435,0.0260610183905924,0.0,0.0,,Supporting_Cells
0610011F06RIK,,0.6211795,0.0561285932058101,0.0,0.0,,Supporting_Cells
0610012D04RIK,,0.5641381,0.0,0.0,0.0,,Supporting_Cells
0610012G03RIK,,0.6016987,0.0238526845898695,0.0,0.0,,Supporting_Cells
0610025J13RIK,,0.56398576,0.0,0.0,0.0,,Supporting_Cells
0610030E20RIK,,0.5751797,0.024202609206942,0.0,0.0,,Supporting_Cells
0610031J06RIK,,0.56417453,0.036755914430177,0.0,0.0,,Supporting_Cells
0610031O16RIK,,0.56417453,0.0,0.0,0.0,,Supporting_Cells
0610033M10RIK,,0.5639848,0.0,0.0,0.0,,Supporting_Cells
0610037L13RIK,,0.59282863,0.0343819189157723,0.0,0.0,,Supporting_Cells
0610038B21RIK,,0.5633391,0.0020288361929263,0.0,0.0,,Supporting_Cells
0610039K10RIK,,0.56417453,0.000143542536751,0.0,0.0,,Supporting_Cells
0610040B10RIK,,0.5623389,0.0652799258733444,0.0,0.0,,Supporting_Cells
0610040F04RIK,,0.5631518,0.0,0.0,0.0,,Supporting_Cells
0610040J01RIK,,0.5575271,0.0131482165437212,0.0,0.0,,Supporting_Cells
0610043K17RIK,,0.52855694,0.0,0.0,0.0,,Supporting_Cells
0710001A04RIK,,0.56417453,0.0,0.0,0.0,,Supporting_Cells
1-MAR,,0.57174516,0.0017691724682746,0.0,0.0,,Supporting_Cells
1-MAR-1,,0.5648187,0.0,0.0,0.0,,Supporting_Cells
1-SEP,,0.5683713,0.0,0.0,0.0,,Supporting_Cells
10-MAR,,0.5644696,0.0,0.0,0.0,,Supporting_Cells
10-SEP,,0.56421554,0.0,0.0,0.0,,Supporting_Cells
1010001B22RIK,,0.56398743,0.0,0.0,0.0,,Supporting_Cells
1010001N08RIK,,0.56374395,0.0,0.0,0.0,,Supporting_Cells
11-MAR,,0.56417453,0.0,0.0,0.0,,Supporting_Cells
11-SEP,,0.5961421,0.0,0.0,0.0,,Supporting_Cells
1100001I12RIK,,0.56417453,0.0,0.0,0.0,,Supporting_Cells
1110001J03RIK,,0.574759,0.0479291637677897,0.0,0.0,,Supporting_Cells
1110002E22RIK,,0.5636931,0.0,0.0,0.0,,Supporting_Cells
1110002J07RIK,,0.5639081,0.0,0.0,0.0,,Supporting_Cells
1110002L01RIK,,0.5547062,0.0,0.0,0.0,,Supporting_Cells
1110002O04RIK,,0.56417453,0.0,0.0,0.0,,Supporting_Cells
1110003F10RIK,,0.56417453,0.0,0.0,0.0,,Supporting_Cells
1110004E09RIK,,0.59473854,0.043812143651917,0.0,0.0,,Supporting_Cells
1110004F10RIK,,0.61135197,0.0782193730478833,0.0,0.0,,Supporting_Cells
1110006O24RIK,,0.56417453,0.005757073539342,0.0,0.0,,Supporting_Cells
1110007C09RIK,,0.56417453,0.0435556926658147,0.0,0.0,,Supporting_Cells
1110008E08RIK,,0.56417453,0.0,0.0,0.0,,Supporting_Cells
1110008F13RIK,,0.6950499,0.0146058495368336,0.0,0.0,,Supporting_Cells
1110008L16RIK,,0.5655938,0.0453965734454653,0.0,0.0,,Supporting_Cells
1110008P14RIK,,0.6136547,0.0358388530156958,0.0,0.0,,Supporting_Cells
1110012L19RIK,,0.5840031,0.0318647809189145,0.0,0.0,,Supporting_Cells
1110013H19RIK,,0.56385076,0.0,0.0,0.0,,Supporting_Cells
1110015O18RIK,,0.56416315,0.0,0.0,0.0,,Supporting_Cells
1110017D15RIK,,0.5628073,0.1875403958590167,0.0,0.0,,Supporting_Cells
1110018N20RIK,,0.5641608,0.0,0.0,0.0,,Supporting_Cells
1110019B22RIK,,0.56417453,0.0,0.0,0.0,,Supporting_Cells
1110019D14RIK,,0.55352986,0.0,0.0,0.0,,Supporting_Cells
1110020A21RIK,,0.5630555,0.0113682435462514,0.0,0.0,,Supporting_Cells
1110025L11RIK,,0.56417453,0.0,0.0,0.0,,Supporting_Cells
1110025M09RIK,,0.56417453,0.0,0.0,0.0,,Supporting_Cells
1110028F11RIK,,0.56375724,0.0,0.0,0.0,,Supporting_Cells
1110028F18RIK,,0.5640883,0.0,0.0,0.0,,Supporting_Cells
1110032A03RIK,,0.5854101,0.1762693072200545,0.0,0.0,,Supporting_Cells
1110032F04RIK,,0.5655807,0.0,0.0,0.0,,Supporting_Cells
1110034G24RIK,,0.57461697,0.0055476069468529,0.0,0.0,,Supporting_Cells
1110035H17RIK,,0.5638452,0.0,0.0,0.0,,Supporting_Cells
1110036E04RIK,,0.56417453,0.0,0.0,0.0,,Supporting_Cells
1110037F02RIK,,0.5867709,0.1159227353641308,0.0,0.0,,Supporting_Cells
1110038B12RIK,,0.56267023,0.0513994145090546,0.0,0.0,,Supporting_Cells
1110038F14RIK,,0.5694589,0.0460804748670547,0.0,0.0,,Supporting_Cells
1110046J04RIK,,0.55498433,0.0,0.0,0.0,,Supporting_Cells
1110051M20RIK,,0.51345354,0.1006493265448765,0.0,0.0,,Supporting_Cells
1110057K04RIK,,0.56417453,0.0257608185856558,0.0,0.0,,Supporting_Cells
1110057P08RIK,,0.56417453,0.0,0.0,0.0,,Supporting_Cells
1110058L19RIK,,0.56417453,0.105011347525797,0.0,0.0,,Supporting_Cells
1110059E24RIK,,0.5493964,0.035789109241712,0.0,0.0,,Supporting_Cells
1110059G10RIK,,0.56536627,0.0522533455295916,0.0,0.0,,Supporting_Cells
1110060G06RIK,,0.56417453,0.0,0.0,0.0,,Supporting_Cells
1110065P20RIK,,0.579941,0.0016240301046743,0.0,0.0,,Supporting_Cells
1190001M18RIK,,0.56412417,0.0,0.0,0.0,,Supporting_Cells
1190002N15RIK,,0.5932979,0.1905554007039945,0.0,0.0,,Supporting_Cells
1190003K10RIK,,0.56417453,0.0,0.0,0.0,,Supporting_Cells
1190005I06RIK,,0.5633865,0.0041787098486435,0.0,0.0,,Supporting_Cells
1190007I07RIK,,0.56569636,0.0267471910567719,0.0,0.0,,Supporting_Cells
1190028D05RIK,,0.56395495,0.0,0.0,0.0,,Supporting_Cells
12-SEP,,0.56417453,0.0,0.0,0.0,,Supporting_Cells
1200007C13RIK,,0.56396765,0.0,0.0,0.0,,Supporting_Cells
1200014J11RIK,,0.56417453,0.1793651109772906,0.0,0.0,,Supporting_Cells
1300002E11RIK,,0.5563523,0.0,0.0,0.0,,Supporting_Cells
1300002K09RIK,,0.56417453,0.000552714390291,0.0,0.0,,Supporting_Cells
1300014J16RIK,,0.5637312,0.0,0.0,0.0,,Supporting_Cells
1300017J02RIK,,0.562096,0.0007833525380919,0.0,0.0,,Supporting_Cells
14-SEP,,0.5641974,0.0,0.0,0.0,,Supporting_Cells
15-SEP,,0.6013682,0.0,0.0,0.0,,Supporting_Cells
1500002C15RIK,,0.5634363,0.0,0.0,0.0,,Supporting_Cells
1500002F19RIK,,0.5641038,0.0,0.0,0.0,,Supporting_Cells
1500004A13RIK,,0.5583182,0.0,0.0,0.0,,Supporting_Cells
1500005C15RIK,,0.56417453,0.0,0.0,0.0,,Supporting_Cells
1500009C09RIK,,0.56413937,0.0,0.0,0.0,,Supporting_Cells
1500009L16RIK,,0.5622302,0.034516186670145,0.0,0.0,,Supporting_Cells
1500011B03RIK,,0.5859318,0.1213921020712431,0.0,0.0,,Supporting_Cells
ACTG1,0.5671082,0.74925107,0.4871025155505615,0.9715362615585328,1.0,0.7080267596467398,SGN
ACTB,0.41900223,0.59866965,0.915624056420364,0.6656551127433776,1.0,0.64459322280933,SGN
EEF1A1,0.7308834,0.62776154,0.5254270134889654,1.0,0.0,0.6153316448683612,SGN
GATA3,0.42268774,0.70098066,0.4735027184131213,0.6473455262184142,1.0,0.5923494373087288,SGN
SMPX,0.31251124,0.7240031,0.5598057887206981,0.4877584713697433,1.0,0.5407396041642467,SGN
PCDH15,0.47443944,0.46650732,0.2418334056884009,0.5491943114995956,1.0,0.5284060354215299,SGN
ATP2B2,0.34555128,0.60409635,0.4277551368908804,0.5367210960686207,1.0,0.5235064062713636,SGN
ESPNL,0.31262317,0.5673247,0.571908143501563,0.5160664326886181,1.0,0.5233441695685952,SGN
NEFM,1.0,0.5671699,0.2308588046800953,0.0121677489951252,0.0,0.5215294740117475,SGN
SLC17A8,0.34286338,0.5758425,0.4413483184735838,0.5224954738076777,1.0,0.5180982991860079,SGN
MYO6,0.22786884,0.5388122,0.579449142896407,0.7210990209579469,1.0,0.5170515891273894,SGN
TMC1,0.30900744,0.6564405,0.3976026592166855,0.5557369906902314,1.0,0.5150700013712113,SGN
GJB2,0.30599937,0.59933996,0.3998908768632804,0.5911758539378643,1.0,0.5109607509918452,SGN
CIB2,0.3455677,0.81194013,0.1502329448356909,0.5183185498714447,1.0,0.5103008339455951,SGN
SIX1,0.3179697,0.5699384,0.4093474023384895,0.5723859535455704,1.0,0.509938656177218,SGN
HOMER2,0.26994067,0.68734556,0.3582214110737891,0.5449411815404892,1.0,0.4965524955943589,SGN
LHFPL5,0.33438557,0.6893727,0.2081292400724508,0.5184488995373249,1.0,0.49614686442775635,SGN
SOX2,0.2866852,0.56387806,0.3952904477425785,0.5760977996387519,1.0,0.4949640299957303,SGN
GRXCR1,0.3224107,0.5951846,0.2610296014351961,0.5049995552711188,1.0,0.4831463535287973,SGN
TMPRSS3,0.30048656,0.74511105,0.1354366517398857,0.5343710282146931,1.0,0.48243243832791116,SGN
GJB6,0.2914496,0.6712219,0.1730030021646569,0.5868273930847644,1.0,0.4812376898350893,SGN
ATOH1,0.31595755,0.56655115,0.235010861738912,0.5640120440876344,1.0,0.4812191298478665,SGN
PTPRQ,0.27491838,0.67259336,0.2532927655221211,0.5288841670751572,1.0,0.4781828948493696,SGN
OTOF,0.30055365,0.62371397,0.2116988696484747,0.550709367454052,1.0,0.4781397894408329,SGN
GRXCR2,0.31525758,0.6343203,0.2094611135783031,0.4984638115409761,1.0,0.4774398124229441,SGN
TRIOBP,0.2864773,0.7097477,0.095432107683729,0.5988930377960205,1.0,0.47520184732987036,SGN
GFI1,0.31345215,0.6020504,0.170529958999552,0.5583960465546698,1.0,0.4750273196120868,SGN
MSRB3,0.28031465,0.59619284,0.2817407386263564,0.5327417143583297,1.0,0.47372716006279614,SGN
RDX,0.24165137,0.5659939,0.3849006731407388,0.5542956144809723,1.0,0.47243907510170313,SGN
P2RX2,0.32676867,0.7441058,0.0290194341243156,0.4941126374602317,1.0,0.470793153300472,SGN
CLIC5,0.31225607,0.56705177,0.2324276723697531,0.5047248570676893,1.0,0.47053307211211903,SGN
MYO7A,0.2960899,0.6574464,0.1056078567934775,0.5751085315644741,1.0,0.46916037479141626,SGN
POU4F3,0.3141863,0.7068806,0.0028538437011769,0.5652293675914406,1.0,0.46691910255765456,SGN
CABP2,0.30867606,0.62401545,0.1607024244434586,0.4935650801360606,1.0,0.46521286879270185,SGN
SLC26A5,0.28701878,0.7110698,0.0752794506553062,0.5472591292262078,1.0,0.46484876586808754,SGN
CEACAM16,0.31723848,0.7522394,0.0015904273686585,0.4986610077805816,1.0,0.464769023173921,SGN
KCNJ10,0.30463794,0.6354638,0.1184000866727638,0.5302630510851741,1.0,0.4644742176489546,SGN
KARS,0.32855347,0.6106576,0.0505928765738768,0.5513829915821553,1.0,0.46331640741899194,SGN
LOXHD1,0.34011644,0.6598417,0.0,0.5113435284197331,1.0,0.46172435778266674,SGN
ESPN,0.30994475,0.68709576,0.0167190974314651,0.5320323179215193,1.0,0.45935497585433926,SGN
HARS,0.32197216,0.59311634,0.0525739050871732,0.5409517679512501,1.0,0.4567851755090395,SGN
STRC,0.29434562,0.6448469,0.0836196730182545,0.5151003452390432,1.0,0.4542732846563192,SGN
ILDR1,0.30389407,0.62804943,0.078828860697916,0.5063337159305811,1.0,0.4535394315928196,SGN
KCNQ4,0.3381962,0.57426476,0.0005234378309044,0.5466346770562232,1.0,0.45349190949787777,SGN
MYH9,0.24064782,0.54365724,0.2898005248122483,0.5312874438911677,1.0,0.45097091333313843,SGN
CDH23,0.28405216,0.67385656,0.0014966545390835,0.5729094238877297,1.0,0.45086026557937153,SGN
GAPDH,0.5844117,0.6968018,0.1595508355416236,0.5882604718208313,0.0,0.4504566443441906,SGN
TPT1,0.61718655,0.6318406,0.1165258291788866,0.6076151132583618,0.0,0.45027184691562844,SGN
CLRN1,0.31151342,0.6249991,0.0274370839111147,0.516896277371794,1.0,0.4500052417405397,SGN
NACA,0.5719577,0.6633813,0.3391264463608292,0.4697769582271576,0.0,0.4496257916304664,SGN
WFS1,0.3046966,0.57319677,0.0731841524677454,0.5348148036897182,1.0,0.449057997787183,SGN
TBC1D24,0.32777566,0.56161934,0.0348527091333715,0.5106476623006165,1.0,0.44717822256611905,SGN
H3F3A,0.48698938,0.66255003,0.63029418266327,0.3871448934078216,0.0,0.4467941234427834,SGN
TMIE,0.31617367,0.6209995,0.0155633736581339,0.4922745857927947,1.0,0.4457950969287706,SGN
HSP90AB1,0.47441202,0.7470907,0.324787417510135,0.6346383690834045,0.0,0.44574228557772266,SGN
PAX3,0.30682945,0.5651039,0.0207822951165233,0.5640372951180906,1.0,0.4452203060311676,SGN
S1PR2,0.31783152,0.58441937,0.0230518792363044,0.5107903557270765,1.0,0.444871850231087,SGN
LARS,0.30322847,0.56780976,0.0348425809217525,0.553465078175068,1.0,0.4447090044160177,SGN
MET,0.3025703,0.50247455,0.0998765053917188,0.5522826207084581,1.0,0.44422317670112876,SGN
MYO3A,0.29795,0.58362174,0.0337320391043942,0.5492770026475191,1.0,0.44417461858124174,SGN
GIPC3,0.3166719,0.6151905,7.88515895162452e-05,0.4981970562385394,1.0,0.4436887273151461,SGN
CALM1,0.36468488,0.8681734,0.7456993436765709,0.3598080575466156,0.0,0.441926069115172,SGN
MYO15A,0.30568507,0.56417453,0.0,0.552,1.0,0.43970021322526165,SGN
USH1G,0.3169218,0.5689976,0.0042599485089639,0.5100153761619004,1.0,0.43925966183085574,SGN
DFNA5,0.31850445,0.5703393,0.0047175081139411,0.4979999999999999,1.0,0.43836030527947667,SGN
TPRN,0.30821708,0.5827677,0.0205318303539478,0.4869363605640828,1.0,0.43682221948698974,SGN
USH1C,0.20046125,0.6955388,0.0577831515218019,0.619564667224884,1.0,0.43611749720176574,SGN
TECTA,0.2740551,0.5671305,0.0624150153456255,0.5467691853214056,1.0,0.43606924400090685,SGN
BSND,0.31660813,0.5642153,0.0016803608510113,0.4920009079983101,1.0,0.43532774068037217,SGN
USH2A,0.2969294,0.56417495,0.0152523572344189,0.528086515606381,1.0,0.4348988276313469,SGN
TSPEAR,0.31322777,0.5646906,0.0,0.4980182959251105,1.0,0.43469744347384953,SGN
CLDN14,0.25028005,0.6062764,0.0842453901796254,0.5321004409193992,1.0,0.4335053556342445,SGN
COL11A2,0.2851021,0.5382035,0.022517166779216,0.5675757225751877,1.0,0.4332853025455975,SGN
MIR96,0.31850445,0.56417453,0.0,0.474,1.0,0.4331279635623856,SGN
CHD7,0.2579741,0.5508941,0.0239593893883069,0.6236872749328614,1.0,0.43297075439531807,SGN
PTMA,0.56061816,0.553353,0.67479847328512,0.1615141332149505,0.0,0.43269710285683893,SGN
GSDME,0.31887424,0.5409735,0.0,0.486,1.0,0.4315957179883957,SGN
WHRN,0.28945148,0.58524394,0.0105378931773951,0.5073493421971798,1.0,0.43125026827090795,SGN
SLC26A4,0.2892104,0.5395959,0.019404769442262,0.5401366535318084,1.0,0.43055476499674683,SGN
GRHL2,0.22896028,0.55520713,0.1531639479988743,0.5433635545521975,1.0,0.4293443036525544,SGN
PJVK,0.29911336,0.5631513,0.0,0.486,1.0,0.4270180446813774,SGN
RIPOR2,0.3119613,0.5132335,0.0,0.4919999999999999,1.0,0.4255695467585563,SGN
HGF,0.2742295,0.5625325,0.0027940152596304,0.5401316283945926,1.0,0.4255105202351146,SGN
COCH,0.2027448,0.44162413,0.3144613274237759,0.5363384071588516,1.0,0.42496150290659807,SGN
DIAPH1,0.2848968,0.5458947,0.0,0.5196306615918875,1.0,0.4237875206313002,SGN
OTOA,0.26228458,0.54678136,0.0607647731916199,0.5054186190441251,1.0,0.42185854359250285,SGN
SERPINB6,0.28526837,0.56417453,0.0,0.486,1.0,0.4216335275248452,SGN
EYA4,0.26561195,0.36827534,0.1582155342911232,0.5680060683488846,1.0,0.420419321519235,SGN
FTH1,0.500277,0.6470116,0.3806035895382442,0.4320605397224426,0.0,0.41906215250281154,SGN
EYA1,0.18813348,0.42843288,0.2531309609964708,0.6089559574127198,1.0,0.4188313595371316,SGN
ELMOD3,0.26633424,0.56896734,0.006268441095502,0.4964325686991214,1.0,0.41728395120681483,SGN
TJP2,0.24738777,0.5458473,0.0495884068978558,0.5229346489906311,1.0,0.41671066309873483,SGN
TBX1,0.26552236,0.5097735,0.0090992753997,0.5465107927601784,1.0,0.41601647805454434,SGN
MYH14,0.22947605,0.56188947,0.0532034633982589,0.5259573583751918,1.0,0.41294796656322064,SGN
ESRRB,0.23306224,0.56517196,0.0136004468189783,0.5285537252407522,1.0,0.40932381778964955,SGN
MITF,0.21284863,0.54043573,0.0648663406230434,0.5540146157592536,1.0,0.40903695636844684,SGN
VIM,0.5973836,0.6040954,0.2426747873427604,0.271054208278656,0.0,0.4066271156258281,SGN
GTF2I,0.3089529,0.6745378,0.3986358129735133,0.7762888073921204,0.0,0.40100052664003105,SGN
UBB,0.4420699,0.84690094,0.2034406067542351,0.4312743246555328,0.0,0.3990703329772046,SGN
SPARC,0.29583263,0.7599964,0.6973128847312008,0.4132210612297058,0.0,0.3989126084632354,SGN
MYO6,0.75093144,0.5388122,0.579449142896407,0.7210990209579469,1.0,0.7262766253312506,Stria_Vascularis
ESRRB,0.94198287,0.56517196,0.0136004468189783,0.5285537252407522,1.0,0.6928920659423825,Stria_Vascularis
HOMER2,0.69199634,0.68734556,0.3582214110737891,0.5449411815404892,1.0,0.6653747692063813,Stria_Vascularis
ACTB,0.44108036,0.59866965,0.915624056420364,0.6656551127433776,1.0,0.6534244704966697,Stria_Vascularis
MITF,0.8122009,0.54043573,0.0648663406230434,0.5540146157592536,1.0,0.6487778645143514,Stria_Vascularis
SMPX,0.53972507,0.7240031,0.5598057887206981,0.4877584713697433,1.0,0.6316251390467922,Stria_Vascularis
GRHL2,0.71895957,0.55520713,0.1531639479988743,0.5433635545521975,1.0,0.6253440228550728,Stria_Vascularis
COCH,0.6988184,0.44162413,0.3144613274237759,0.5363384071588516,1.0,0.6233909458487406,Stria_Vascularis
MYH9,0.67033195,0.54365724,0.2898005248122483,0.5312874438911677,1.0,0.6228445573274698,Stria_Vascularis
ESPNL,0.5369929,0.5673247,0.571908143501563,0.5160664326886181,1.0,0.6130920603986352,Stria_Vascularis
GATA3,0.4743843,0.70098066,0.4735027184131213,0.6473455262184142,1.0,0.6130280618194939,Stria_Vascularis
TMC1,0.55380106,0.6564405,0.3976026592166855,0.5557369906902314,1.0,0.6129874463751976,Stria_Vascularis
RDX,0.5881156,0.5659939,0.3849006731407388,0.5542956144809723,1.0,0.6110247543347773,Stria_Vascularis
GJB2,0.55447084,0.59933996,0.3998908768632804,0.5911758539378643,1.0,0.610349335486436,Stria_Vascularis
USH1C,0.6114515,0.6955388,0.0577831515218019,0.619564667224884,1.0,0.6005136043985736,Stria_Vascularis
ATP2B2,0.5284393,0.60409635,0.4277551368908804,0.5367210960686207,1.0,0.5966616007923139,Stria_Vascularis
PTPRQ,0.56721276,0.67259336,0.2532927655221211,0.5288841670751572,1.0,0.5951006540294386,Stria_Vascularis
SLC17A8,0.5348355,0.5758425,0.4413483184735838,0.5224954738076777,1.0,0.5948871567652392,Stria_Vascularis
TMPRSS3,0.581387,0.74511105,0.1354366517398857,0.5343710282146931,1.0,0.5947926028510359,Stria_Vascularis
HGF,0.69683033,0.5625325,0.0027940152596304,0.5401316283945926,1.0,0.594550872341209,Stria_Vascularis
SOX2,0.53088444,0.56387806,0.3952904477425785,0.5760977996387519,1.0,0.5926437269728688,Stria_Vascularis
KCNJ10,0.6172549,0.6354638,0.1184000866727638,0.5302630510851741,1.0,0.5895210147456839,Stria_Vascularis
SIX1,0.51609135,0.5699384,0.4093474023384895,0.5723859535455704,1.0,0.5891873080393625,Stria_Vascularis
SLC26A5,0.59546053,0.7110698,0.0752794506553062,0.5472591292262078,1.0,0.5882254706205328,Stria_Vascularis
ADGRV1,0.6791366,0.570867,0.0,0.530309904485941,1.0,0.5868311713406921,Stria_Vascularis
TRIOBP,0.5614402,0.7097477,0.095432107683729,0.5988930377960205,1.0,0.5851870275290166,Stria_Vascularis
CIB2,0.53216684,0.81194013,0.1502329448356909,0.5183185498714447,1.0,0.5849404821446765,Stria_Vascularis
GJB6,0.55010384,0.6712219,0.1730030021646569,0.5868273930847644,1.0,0.5846993875327288,Stria_Vascularis
TJP2,0.6583795,0.5458473,0.0495884068978558,0.5229346489906311,1.0,0.5811073514408293,Stria_Vascularis
LHFPL5,0.545761,0.6893727,0.2081292400724508,0.5184488995373249,1.0,0.5806970216171256,Stria_Vascularis
DDX5,0.7536596,0.6412223,0.5186688490738102,0.6837148666381836,0.0,0.5780047447487668,Stria_Vascularis
MYH14,0.6363484,0.56188947,0.0532034633982589,0.5259573583751918,1.0,0.5756969143028218,Stria_Vascularis
ACTG1,0.23231317,0.74925107,0.4871025155505615,0.9715362615585328,1.0,0.5741087499483488,Stria_Vascularis
TBX1,0.6582279,0.5097735,0.0090992753997,0.5465107927601784,1.0,0.5730987153578013,Stria_Vascularis
CLDN14,0.5957111,0.6062764,0.0842453901796254,0.5321004409193992,1.0,0.5716777884145104,Stria_Vascularis
OTOF,0.5336141,0.62371397,0.2116988696484747,0.550709367454052,1.0,0.5713639796163662,Stria_Vascularis
ATOH1,0.539593,0.56655115,0.235010861738912,0.5640120440876344,1.0,0.5706733038896146,Stria_Vascularis
MSRB3,0.52088314,0.59619284,0.2817407386263564,0.5327417143583297,1.0,0.5699545600676599,Stria_Vascularis
GRXCR1,0.5344776,0.5951846,0.2610296014351961,0.5049995552711188,1.0,0.5679731060722467,Stria_Vascularis
GRXCR2,0.5411276,0.6343203,0.2094611135783031,0.4984638115409761,1.0,0.5677878326189051,Stria_Vascularis
CLIC5,0.5501875,0.56705177,0.2324276723697531,0.5047248570676893,1.0,0.5657056561689733,Stria_Vascularis
GFI1,0.5378453,0.6020504,0.170529958999552,0.5583960465546698,1.0,0.5647845832725177,Stria_Vascularis
MYO7A,0.53346187,0.6574464,0.1056078567934775,0.5751085315644741,1.0,0.5641091657588807,Stria_Vascularis
CDH23,0.5552926,0.67385656,0.0014966545390835,0.5729094238877297,1.0,0.5593564472462226,Stria_Vascularis
DIAPH1,0.62373036,0.5458947,0.0,0.5196306615918875,1.0,0.5593209577641356,Stria_Vascularis
ILDR1,0.5623682,0.62804943,0.078828860697916,0.5063337159305811,1.0,0.5569290896266674,Stria_Vascularis
POU4F3,0.5387495,0.7068806,0.0028538437011769,0.5652293675914406,1.0,0.5567443751177742,Stria_Vascularis
CEACAM16,0.5463832,0.7522394,0.0015904273686585,0.4986610077805816,1.0,0.556426915043466,Stria_Vascularis
CHD7,0.56566525,0.5508941,0.0239593893883069,0.6236872749328614,1.0,0.5560472156508685,Stria_Vascularis
CABP2,0.53520423,0.62401545,0.1607024244434586,0.4935650801360606,1.0,0.5558241329023134,Stria_Vascularis
LARS,0.5804648,0.56780976,0.0348425809217525,0.553465078175068,1.0,0.5556035279770185,Stria_Vascularis
EYA4,0.60283005,0.36827534,0.1582155342911232,0.5680060683488846,1.0,0.5553065623463186,Stria_Vascularis
P2RX2,0.5380368,0.7441058,0.0290194341243156,0.4941126374602317,1.0,0.5553004100467641,Stria_Vascularis
OTOA,0.59555465,0.54678136,0.0607647731916199,0.5054186190441251,1.0,0.5551665817080043,Stria_Vascularis
TECTA,0.5708956,0.5671305,0.0624150153456255,0.5467691853214056,1.0,0.5548054589366864,Stria_Vascularis
ELMOD3,0.6070248,0.56896734,0.006268441095502,0.4964325686991214,1.0,0.5535601739722605,Stria_Vascularis
STRC,0.5406852,0.6448469,0.0836196730182545,0.5151003452390432,1.0,0.5528091054981085,Stria_Vascularis
KARS,0.55104333,0.6106576,0.0505928765738768,0.5513829915821553,1.0,0.552312355852868,Stria_Vascularis
ROR1,0.63287663,0.46256873,0.0054552495585482,0.5162215163782239,1.0,0.5507874961110205,Stria_Vascularis
ESPN,0.53682786,0.68709576,0.0167190974314651,0.5320323179215193,1.0,0.5501082182278058,Stria_Vascularis
PAX3,0.5636637,0.5651039,0.0207822951165233,0.5640372951180906,1.0,0.5479540149492622,Stria_Vascularis
WFS1,0.5486002,0.57319677,0.0731841524677454,0.5348148036897182,1.0,0.5466194465996678,Stria_Vascularis
MET,0.5568965,0.50247455,0.0998765053917188,0.5522826207084581,1.0,0.5459536574912671,Stria_Vascularis
MYO15A,0.56926453,0.56417453,0.0,0.552,1.0,0.5451320008949203,Stria_Vascularis
SERPINB6,0.58770424,0.56417453,0.0,0.486,1.0,0.5426078819707795,Stria_Vascularis
CLRN1,0.53909737,0.6249991,0.0274370839111147,0.516896277371794,1.0,0.541038819659546,Stria_Vascularis
WHRN,0.5622158,0.58524394,0.0105378931773951,0.5073493421971798,1.0,0.540356004288135,Stria_Vascularis
MYO3A,0.5362396,0.58362174,0.0337320391043942,0.5492770026475191,1.0,0.5394904698523942,Stria_Vascularis
HARS,0.5254696,0.59311634,0.0525739050871732,0.5409517679512501,1.0,0.5381841394372622,Stria_Vascularis
EYA1,0.48451468,0.42843288,0.2531309609964708,0.6089559574127198,1.0,0.537383843155391,Stria_Vascularis
LOXHD1,0.5281514,0.6598417,0.0,0.5113435284197331,1.0,0.5369383414376426,Stria_Vascularis
TMIE,0.5433531,0.6209995,0.0155633736581339,0.4922745857927947,1.0,0.5366668482372118,Stria_Vascularis
SORBS2,0.62589806,0.64888144,0.4283175573431405,0.8275060057640076,0.0,0.5360649876601336,Stria_Vascularis
TBC1D24,0.54954857,0.56161934,0.0348527091333715,0.5106476623006165,1.0,0.5358873832516583,Stria_Vascularis
PCDH15,0.49033153,0.46650732,0.2418334056884009,0.5491943114995956,1.0,0.5347628707868253,Stria_Vascularis
S1PR2,0.54242325,0.58441937,0.0230518792363044,0.5107903557270765,1.0,0.5347085370806811,Stria_Vascularis
TPRN,0.55160797,0.5827677,0.0205318303539478,0.4869363605640828,1.0,0.5341785761673828,Stria_Vascularis
GIPC3,0.5417001,0.6151905,7.88515895162452e-05,0.4981970562385394,1.0,0.5337000110704485,Stria_Vascularis
KCNQ4,0.53658664,0.57426476,0.0005234378309044,0.5466346770562232,1.0,0.532848088139197,Stria_Vascularis
USH2A,0.54155576,0.56417495,0.0152523572344189,0.528086515606381,1.0,0.5327493813227341,Stria_Vascularis
COL11A2,0.5324896,0.5382035,0.022517166779216,0.5675757225751877,1.0,0.5322403005023503,Stria_Vascularis
SLC26A4,0.5418313,0.5395959,0.019404769442262,0.5401366535318084,1.0,0.5316031302320755,Stria_Vascularis
PJVK,0.55951005,0.5631513,0.0,0.486,1.0,0.5311767218421173,Stria_Vascularis
BSND,0.55163354,0.5642153,0.0016803608510113,0.4920009079983101,1.0,0.5293379000536556,Stria_Vascularis
USH1G,0.5415838,0.5689976,0.0042599485089639,0.5100153761619004,1.0,0.5291244522704615,Stria_Vascularis
DFNA5,0.5416819,0.5703393,0.0047175081139411,0.4979999999999999,1.0,0.5276312844455076,Stria_Vascularis
TSPEAR,0.5435732,0.5646906,0.0,0.4980182959251105,1.0,0.5268356146698334,Stria_Vascularis
TMEM117,0.72351885,0.6539481,0.4464976156034857,0.4740222096443176,0.0,0.5255777400757752,Stria_Vascularis
GSDME,0.5466594,0.5409735,0.0,0.486,1.0,0.5227097919801712,Stria_Vascularis
MIR96,0.5416819,0.56417453,0.0,0.474,1.0,0.5223989427284165,Stria_Vascularis
GTF2I,0.6068607,0.6745378,0.3986358129735133,0.7762888073921204,0.0,0.5201636449428532,Stria_Vascularis
APP,0.81069314,0.43830493,0.3811170698342027,0.4662659466266632,0.0,0.5171304439279769,Stria_Vascularis
ARHGAP26,0.9579379,0.5900906,0.068924204573983,0.2289397716522216,0.0,0.5163683508950665,Stria_Vascularis
SLC12A2,0.92485493,0.5392651,0.4219794691993363,0.0114036062732338,0.0,0.5158392059675683,Stria_Vascularis
ZBTB20,0.95701087,0.32323068,0.0321738640642172,0.5290417075157166,0.0,0.5154713017029783,Stria_Vascularis
RIPOR2,0.53439814,0.5132335,0.0,0.4919999999999999,1.0,0.5145442833894729,Stria_Vascularis
CALM1,0.54466456,0.8681734,0.7456993436765709,0.3598080575466156,0.0,0.5139179448828799,Stria_Vascularis
DACH1,0.9554575,0.41190872,0.4180149440712271,0.0225903559476137,0.0,0.5100601183493532,Stria_Vascularis
ATP1A1,0.86550903,0.7207057,0.1203736077978082,0.2301406264305114,0.0,0.5068866153364269,Stria_Vascularis
SPARC,0.5478449,0.7599964,0.6973128847312008,0.4132210612297058,0.0,0.4997175036258178,Stria_Vascularis
